[[3, 3, 3, 3, 3, 3], [3, 3, 3, 3, 3, 3], [3, 3, 1, 3, 3, 3], [3, 3, 3, 3, 3, 3], [3, 3, 3, 3, 3, 3], [3, 3, 3, 3, 3, 3]];0.1;1;0.1;100;0.01;100;True;100;0;False;0.0001;5
[[3, 3, 3, 3, 3, 3], [3, 3, 3, 3, 3, 3], [3, 3, 1, 3, 3, 3], [3, 3, 3, 3, 3, 3], [3, 3, 3, 3, 3, 3], [3, 3, 3, 3, 3, 3]];0.1;1;0.1;100;0.01;500;True;100;0;False;0.0001;5
[[3, 3, 3, 3, 3, 3], [3, 3, 3, 3, 3, 3], [3, 3, 1, 3, 3, 3], [3, 3, 3, 3, 3, 3], [3, 3, 3, 3, 3, 3], [3, 3, 3, 3, 3, 3]];0.1;1;0.1;100;0.01;1000;True;100;0;False;0.0001;5
[[3, 3, 3, 3, 3, 3], [3, 3, 3, 3, 3, 3], [3, 3, 1, 3, 3, 3], [3, 3, 3, 3, 3, 3], [3, 3, 3, 3, 3, 3], [3, 3, 3, 3, 3, 3]];0.1;1;0.1;100;0.05;100;True;100;0;False;0.0001;5
[[3, 3, 3, 3, 3, 3], [3, 3, 3, 3, 3, 3], [3, 3, 1, 3, 3, 3], [3, 3, 3, 3, 3, 3], [3, 3, 3, 3, 3, 3], [3, 3, 3, 3, 3, 3]];0.1;1;0.1;100;0.05;500;True;100;0;False;0.0001;5
[[3, 3, 3, 3, 3, 3], [3, 3, 3, 3, 3, 3], [3, 3, 1, 3, 3, 3], [3, 3, 3, 3, 3, 3], [3, 3, 3, 3, 3, 3], [3, 3, 3, 3, 3, 3]];0.1;1;0.1;100;0.05;1000;True;100;0;False;0.0001;5
[[3, 3, 3, 3, 3, 3], [3, 3, 3, 3, 3, 3], [3, 3, 1, 3, 3, 3], [3, 3, 3, 3, 3, 3], [3, 3, 3, 3, 3, 3], [3, 3, 3, 3, 3, 3]];0.1;1;0.1;100;0.1;100;True;100;0;False;0.0001;5
[[3, 3, 3, 3, 3, 3], [3, 3, 3, 3, 3, 3], [3, 3, 1, 3, 3, 3], [3, 3, 3, 3, 3, 3], [3, 3, 3, 3, 3, 3], [3, 3, 3, 3, 3, 3]];0.1;1;0.1;100;0.1;500;True;100;0;False;0.0001;5
[[3, 3, 3, 3, 3, 3], [3, 3, 3, 3, 3, 3], [3, 3, 1, 3, 3, 3], [3, 3, 3, 3, 3, 3], [3, 3, 3, 3, 3, 3], [3, 3, 3, 3, 3, 3]];0.1;1;0.1;100;0.1;1000;True;100;0;False;0.0001;5
[[3, 3, 3, 3, 3, 3], [3, 3, 3, 3, 3, 3], [3, 3, 1, 3, 3, 3], [3, 3, 3, 3, 3, 3], [3, 3, 3, 3, 3, 3], [3, 3, 3, 3, 3, 3]];0.1;1;0.3;100;0.01;100;True;100;0;False;0.0001;5
[[3, 3, 3, 3, 3, 3], [3, 3, 3, 3, 3, 3], [3, 3, 1, 3, 3, 3], [3, 3, 3, 3, 3, 3], [3, 3, 3, 3, 3, 3], [3, 3, 3, 3, 3, 3]];0.1;1;0.3;100;0.01;500;True;100;0;False;0.0001;5
[[3, 3, 3, 3, 3, 3], [3, 3, 3, 3, 3, 3], [3, 3, 1, 3, 3, 3], [3, 3, 3, 3, 3, 3], [3, 3, 3, 3, 3, 3], [3, 3, 3, 3, 3, 3]];0.1;1;0.3;100;0.01;1000;True;100;0;False;0.0001;5
[[3, 3, 3, 3, 3, 3], [3, 3, 3, 3, 3, 3], [3, 3, 1, 3, 3, 3], [3, 3, 3, 3, 3, 3], [3, 3, 3, 3, 3, 3], [3, 3, 3, 3, 3, 3]];0.1;1;0.3;100;0.05;100;True;100;0;False;0.0001;5
[[3, 3, 3, 3, 3, 3], [3, 3, 3, 3, 3, 3], [3, 3, 1, 3, 3, 3], [3, 3, 3, 3, 3, 3], [3, 3, 3, 3, 3, 3], [3, 3, 3, 3, 3, 3]];0.1;1;0.3;100;0.05;500;True;100;0;False;0.0001;5
[[3, 3, 3, 3, 3, 3], [3, 3, 3, 3, 3, 3], [3, 3, 1, 3, 3, 3], [3, 3, 3, 3, 3, 3], [3, 3, 3, 3, 3, 3], [3, 3, 3, 3, 3, 3]];0.1;1;0.3;100;0.05;1000;True;100;0;False;0.0001;5
[[3, 3, 3, 3, 3, 3], [3, 3, 3, 3, 3, 3], [3, 3, 1, 3, 3, 3], [3, 3, 3, 3, 3, 3], [3, 3, 3, 3, 3, 3], [3, 3, 3, 3, 3, 3]];0.1;1;0.3;100;0.1;100;True;100;0;False;0.0001;5
[[3, 3, 3, 3, 3, 3], [3, 3, 3, 3, 3, 3], [3, 3, 1, 3, 3, 3], [3, 3, 3, 3, 3, 3], [3, 3, 3, 3, 3, 3], [3, 3, 3, 3, 3, 3]];0.1;1;0.3;100;0.1;500;True;100;0;False;0.0001;5
[[3, 3, 3, 3, 3, 3], [3, 3, 3, 3, 3, 3], [3, 3, 1, 3, 3, 3], [3, 3, 3, 3, 3, 3], [3, 3, 3, 3, 3, 3], [3, 3, 3, 3, 3, 3]];0.1;1;0.3;100;0.1;1000;True;100;0;False;0.0001;5
[[3, 3, 3, 3, 3, 3], [3, 3, 3, 3, 3, 3], [3, 3, 1, 3, 3, 3], [3, 3, 3, 3, 3, 3], [3, 3, 3, 3, 3, 3], [3, 3, 3, 3, 3, 3]];0.1;1;0.5;100;0.01;100;True;100;0;False;0.0001;5
[[3, 3, 3, 3, 3, 3], [3, 3, 3, 3, 3, 3], [3, 3, 1, 3, 3, 3], [3, 3, 3, 3, 3, 3], [3, 3, 3, 3, 3, 3], [3, 3, 3, 3, 3, 3]];0.1;1;0.5;100;0.01;500;True;100;0;False;0.0001;5
[[3, 3, 3, 3, 3, 3], [3, 3, 3, 3, 3, 3], [3, 3, 1, 3, 3, 3], [3, 3, 3, 3, 3, 3], [3, 3, 3, 3, 3, 3], [3, 3, 3, 3, 3, 3]];0.1;1;0.5;100;0.01;1000;True;100;0;False;0.0001;5
[[3, 3, 3, 3, 3, 3], [3, 3, 3, 3, 3, 3], [3, 3, 1, 3, 3, 3], [3, 3, 3, 3, 3, 3], [3, 3, 3, 3, 3, 3], [3, 3, 3, 3, 3, 3]];0.1;1;0.5;100;0.05;100;True;100;0;False;0.0001;5
[[3, 3, 3, 3, 3, 3], [3, 3, 3, 3, 3, 3], [3, 3, 1, 3, 3, 3], [3, 3, 3, 3, 3, 3], [3, 3, 3, 3, 3, 3], [3, 3, 3, 3, 3, 3]];0.1;1;0.5;100;0.05;500;True;100;0;False;0.0001;5
[[3, 3, 3, 3, 3, 3], [3, 3, 3, 3, 3, 3], [3, 3, 1, 3, 3, 3], [3, 3, 3, 3, 3, 3], [3, 3, 3, 3, 3, 3], [3, 3, 3, 3, 3, 3]];0.1;1;0.5;100;0.05;1000;True;100;0;False;0.0001;5
[[3, 3, 3, 3, 3, 3], [3, 3, 3, 3, 3, 3], [3, 3, 1, 3, 3, 3], [3, 3, 3, 3, 3, 3], [3, 3, 3, 3, 3, 3], [3, 3, 3, 3, 3, 3]];0.1;1;0.5;100;0.1;100;True;100;0;False;0.0001;5
[[3, 3, 3, 3, 3, 3], [3, 3, 3, 3, 3, 3], [3, 3, 1, 3, 3, 3], [3, 3, 3, 3, 3, 3], [3, 3, 3, 3, 3, 3], [3, 3, 3, 3, 3, 3]];0.1;1;0.5;100;0.1;500;True;100;0;False;0.0001;5
[[3, 3, 3, 3, 3, 3], [3, 3, 3, 3, 3, 3], [3, 3, 1, 3, 3, 3], [3, 3, 3, 3, 3, 3], [3, 3, 3, 3, 3, 3], [3, 3, 3, 3, 3, 3]];0.1;1;0.5;100;0.1;1000;True;100;0;False;0.0001;5
[[3, 3, 3, 3, 3, 3], [3, 3, 3, 3, 3, 3], [3, 3, 1, 3, 3, 3], [3, 3, 3, 3, 3, 3], [3, 3, 3, 3, 3, 3], [3, 3, 3, 3, 3, 3]];0.1;1;0.7;100;0.01;100;True;100;0;False;0.0001;5
[[3, 3, 3, 3, 3, 3], [3, 3, 3, 3, 3, 3], [3, 3, 1, 3, 3, 3], [3, 3, 3, 3, 3, 3], [3, 3, 3, 3, 3, 3], [3, 3, 3, 3, 3, 3]];0.1;1;0.7;100;0.01;500;True;100;0;False;0.0001;5
[[3, 3, 3, 3, 3, 3], [3, 3, 3, 3, 3, 3], [3, 3, 1, 3, 3, 3], [3, 3, 3, 3, 3, 3], [3, 3, 3, 3, 3, 3], [3, 3, 3, 3, 3, 3]];0.1;1;0.7;100;0.01;1000;True;100;0;False;0.0001;5
[[3, 3, 3, 3, 3, 3], [3, 3, 3, 3, 3, 3], [3, 3, 1, 3, 3, 3], [3, 3, 3, 3, 3, 3], [3, 3, 3, 3, 3, 3], [3, 3, 3, 3, 3, 3]];0.1;1;0.7;100;0.05;100;True;100;0;False;0.0001;5
[[3, 3, 3, 3, 3, 3], [3, 3, 3, 3, 3, 3], [3, 3, 1, 3, 3, 3], [3, 3, 3, 3, 3, 3], [3, 3, 3, 3, 3, 3], [3, 3, 3, 3, 3, 3]];0.1;1;0.7;100;0.05;500;True;100;0;False;0.0001;5
[[3, 3, 3, 3, 3, 3], [3, 3, 3, 3, 3, 3], [3, 3, 1, 3, 3, 3], [3, 3, 3, 3, 3, 3], [3, 3, 3, 3, 3, 3], [3, 3, 3, 3, 3, 3]];0.1;1;0.7;100;0.05;1000;True;100;0;False;0.0001;5
[[3, 3, 3, 3, 3, 3], [3, 3, 3, 3, 3, 3], [3, 3, 1, 3, 3, 3], [3, 3, 3, 3, 3, 3], [3, 3, 3, 3, 3, 3], [3, 3, 3, 3, 3, 3]];0.1;1;0.7;100;0.1;100;True;100;0;False;0.0001;5
[[3, 3, 3, 3, 3, 3], [3, 3, 3, 3, 3, 3], [3, 3, 1, 3, 3, 3], [3, 3, 3, 3, 3, 3], [3, 3, 3, 3, 3, 3], [3, 3, 3, 3, 3, 3]];0.1;1;0.7;100;0.1;500;True;100;0;False;0.0001;5
[[3, 3, 3, 3, 3, 3], [3, 3, 3, 3, 3, 3], [3, 3, 1, 3, 3, 3], [3, 3, 3, 3, 3, 3], [3, 3, 3, 3, 3, 3], [3, 3, 3, 3, 3, 3]];0.1;1;0.7;100;0.1;1000;True;100;0;False;0.0001;5
[[3, 3, 3, 3, 3, 3], [3, 3, 3, 3, 3, 3], [3, 3, 1, 3, 3, 3], [3, 3, 3, 3, 3, 3], [3, 3, 3, 3, 3, 3], [3, 3, 3, 3, 3, 3]];0.1;1;0.9;100;0.01;100;True;100;0;False;0.0001;5
[[3, 3, 3, 3, 3, 3], [3, 3, 3, 3, 3, 3], [3, 3, 1, 3, 3, 3], [3, 3, 3, 3, 3, 3], [3, 3, 3, 3, 3, 3], [3, 3, 3, 3, 3, 3]];0.1;1;0.9;100;0.01;500;True;100;0;False;0.0001;5
[[3, 3, 3, 3, 3, 3], [3, 3, 3, 3, 3, 3], [3, 3, 1, 3, 3, 3], [3, 3, 3, 3, 3, 3], [3, 3, 3, 3, 3, 3], [3, 3, 3, 3, 3, 3]];0.1;1;0.9;100;0.01;1000;True;100;0;False;0.0001;5
[[3, 3, 3, 3, 3, 3], [3, 3, 3, 3, 3, 3], [3, 3, 1, 3, 3, 3], [3, 3, 3, 3, 3, 3], [3, 3, 3, 3, 3, 3], [3, 3, 3, 3, 3, 3]];0.1;1;0.9;100;0.05;100;True;100;0;False;0.0001;5
[[3, 3, 3, 3, 3, 3], [3, 3, 3, 3, 3, 3], [3, 3, 1, 3, 3, 3], [3, 3, 3, 3, 3, 3], [3, 3, 3, 3, 3, 3], [3, 3, 3, 3, 3, 3]];0.1;1;0.9;100;0.05;500;True;100;0;False;0.0001;5
[[3, 3, 3, 3, 3, 3], [3, 3, 3, 3, 3, 3], [3, 3, 1, 3, 3, 3], [3, 3, 3, 3, 3, 3], [3, 3, 3, 3, 3, 3], [3, 3, 3, 3, 3, 3]];0.1;1;0.9;100;0.05;1000;True;100;0;False;0.0001;5
[[3, 3, 3, 3, 3, 3], [3, 3, 3, 3, 3, 3], [3, 3, 1, 3, 3, 3], [3, 3, 3, 3, 3, 3], [3, 3, 3, 3, 3, 3], [3, 3, 3, 3, 3, 3]];0.1;1;0.9;100;0.1;100;True;100;0;False;0.0001;5
[[3, 3, 3, 3, 3, 3], [3, 3, 3, 3, 3, 3], [3, 3, 1, 3, 3, 3], [3, 3, 3, 3, 3, 3], [3, 3, 3, 3, 3, 3], [3, 3, 3, 3, 3, 3]];0.1;1;0.9;100;0.1;500;True;100;0;False;0.0001;5
[[3, 3, 3, 3, 3, 3], [3, 3, 3, 3, 3, 3], [3, 3, 1, 3, 3, 3], [3, 3, 3, 3, 3, 3], [3, 3, 3, 3, 3, 3], [3, 3, 3, 3, 3, 3]];0.1;1;0.9;100;0.1;1000;True;100;0;False;0.0001;5
[[3, 3, 3, 3, 3, 3], [3, 3, 3, 3, 3, 3], [3, 3, 1, 3, 3, 3], [3, 3, 3, 3, 3, 3], [3, 3, 3, 3, 3, 3], [3, 3, 3, 3, 3, 3]];0.3;1;0.1;100;0.01;100;True;100;0;False;0.0001;5
[[3, 3, 3, 3, 3, 3], [3, 3, 3, 3, 3, 3], [3, 3, 1, 3, 3, 3], [3, 3, 3, 3, 3, 3], [3, 3, 3, 3, 3, 3], [3, 3, 3, 3, 3, 3]];0.3;1;0.1;100;0.01;500;True;100;0;False;0.0001;5
[[3, 3, 3, 3, 3, 3], [3, 3, 3, 3, 3, 3], [3, 3, 1, 3, 3, 3], [3, 3, 3, 3, 3, 3], [3, 3, 3, 3, 3, 3], [3, 3, 3, 3, 3, 3]];0.3;1;0.1;100;0.01;1000;True;100;0;False;0.0001;5
[[3, 3, 3, 3, 3, 3], [3, 3, 3, 3, 3, 3], [3, 3, 1, 3, 3, 3], [3, 3, 3, 3, 3, 3], [3, 3, 3, 3, 3, 3], [3, 3, 3, 3, 3, 3]];0.3;1;0.1;100;0.05;100;True;100;0;False;0.0001;5
[[3, 3, 3, 3, 3, 3], [3, 3, 3, 3, 3, 3], [3, 3, 1, 3, 3, 3], [3, 3, 3, 3, 3, 3], [3, 3, 3, 3, 3, 3], [3, 3, 3, 3, 3, 3]];0.3;1;0.1;100;0.05;500;True;100;0;False;0.0001;5
[[3, 3, 3, 3, 3, 3], [3, 3, 3, 3, 3, 3], [3, 3, 1, 3, 3, 3], [3, 3, 3, 3, 3, 3], [3, 3, 3, 3, 3, 3], [3, 3, 3, 3, 3, 3]];0.3;1;0.1;100;0.05;1000;True;100;0;False;0.0001;5
[[3, 3, 3, 3, 3, 3], [3, 3, 3, 3, 3, 3], [3, 3, 1, 3, 3, 3], [3, 3, 3, 3, 3, 3], [3, 3, 3, 3, 3, 3], [3, 3, 3, 3, 3, 3]];0.3;1;0.1;100;0.1;100;True;100;0;False;0.0001;5
[[3, 3, 3, 3, 3, 3], [3, 3, 3, 3, 3, 3], [3, 3, 1, 3, 3, 3], [3, 3, 3, 3, 3, 3], [3, 3, 3, 3, 3, 3], [3, 3, 3, 3, 3, 3]];0.3;1;0.1;100;0.1;500;True;100;0;False;0.0001;5
[[3, 3, 3, 3, 3, 3], [3, 3, 3, 3, 3, 3], [3, 3, 1, 3, 3, 3], [3, 3, 3, 3, 3, 3], [3, 3, 3, 3, 3, 3], [3, 3, 3, 3, 3, 3]];0.3;1;0.1;100;0.1;1000;True;100;0;False;0.0001;5
[[3, 3, 3, 3, 3, 3], [3, 3, 3, 3, 3, 3], [3, 3, 1, 3, 3, 3], [3, 3, 3, 3, 3, 3], [3, 3, 3, 3, 3, 3], [3, 3, 3, 3, 3, 3]];0.3;1;0.3;100;0.01;100;True;100;0;False;0.0001;5
[[3, 3, 3, 3, 3, 3], [3, 3, 3, 3, 3, 3], [3, 3, 1, 3, 3, 3], [3, 3, 3, 3, 3, 3], [3, 3, 3, 3, 3, 3], [3, 3, 3, 3, 3, 3]];0.3;1;0.3;100;0.01;500;True;100;0;False;0.0001;5
[[3, 3, 3, 3, 3, 3], [3, 3, 3, 3, 3, 3], [3, 3, 1, 3, 3, 3], [3, 3, 3, 3, 3, 3], [3, 3, 3, 3, 3, 3], [3, 3, 3, 3, 3, 3]];0.3;1;0.3;100;0.01;1000;True;100;0;False;0.0001;5
[[3, 3, 3, 3, 3, 3], [3, 3, 3, 3, 3, 3], [3, 3, 1, 3, 3, 3], [3, 3, 3, 3, 3, 3], [3, 3, 3, 3, 3, 3], [3, 3, 3, 3, 3, 3]];0.3;1;0.3;100;0.05;100;True;100;0;False;0.0001;5
[[3, 3, 3, 3, 3, 3], [3, 3, 3, 3, 3, 3], [3, 3, 1, 3, 3, 3], [3, 3, 3, 3, 3, 3], [3, 3, 3, 3, 3, 3], [3, 3, 3, 3, 3, 3]];0.3;1;0.3;100;0.05;500;True;100;0;False;0.0001;5
[[3, 3, 3, 3, 3, 3], [3, 3, 3, 3, 3, 3], [3, 3, 1, 3, 3, 3], [3, 3, 3, 3, 3, 3], [3, 3, 3, 3, 3, 3], [3, 3, 3, 3, 3, 3]];0.3;1;0.3;100;0.05;1000;True;100;0;False;0.0001;5
[[3, 3, 3, 3, 3, 3], [3, 3, 3, 3, 3, 3], [3, 3, 1, 3, 3, 3], [3, 3, 3, 3, 3, 3], [3, 3, 3, 3, 3, 3], [3, 3, 3, 3, 3, 3]];0.3;1;0.3;100;0.1;100;True;100;0;False;0.0001;5
[[3, 3, 3, 3, 3, 3], [3, 3, 3, 3, 3, 3], [3, 3, 1, 3, 3, 3], [3, 3, 3, 3, 3, 3], [3, 3, 3, 3, 3, 3], [3, 3, 3, 3, 3, 3]];0.3;1;0.3;100;0.1;500;True;100;0;False;0.0001;5
[[3, 3, 3, 3, 3, 3], [3, 3, 3, 3, 3, 3], [3, 3, 1, 3, 3, 3], [3, 3, 3, 3, 3, 3], [3, 3, 3, 3, 3, 3], [3, 3, 3, 3, 3, 3]];0.3;1;0.3;100;0.1;1000;True;100;0;False;0.0001;5
[[3, 3, 3, 3, 3, 3], [3, 3, 3, 3, 3, 3], [3, 3, 1, 3, 3, 3], [3, 3, 3, 3, 3, 3], [3, 3, 3, 3, 3, 3], [3, 3, 3, 3, 3, 3]];0.3;1;0.5;100;0.01;100;True;100;0;False;0.0001;5
[[3, 3, 3, 3, 3, 3], [3, 3, 3, 3, 3, 3], [3, 3, 1, 3, 3, 3], [3, 3, 3, 3, 3, 3], [3, 3, 3, 3, 3, 3], [3, 3, 3, 3, 3, 3]];0.3;1;0.5;100;0.01;500;True;100;0;False;0.0001;5
[[3, 3, 3, 3, 3, 3], [3, 3, 3, 3, 3, 3], [3, 3, 1, 3, 3, 3], [3, 3, 3, 3, 3, 3], [3, 3, 3, 3, 3, 3], [3, 3, 3, 3, 3, 3]];0.3;1;0.5;100;0.01;1000;True;100;0;False;0.0001;5
[[3, 3, 3, 3, 3, 3], [3, 3, 3, 3, 3, 3], [3, 3, 1, 3, 3, 3], [3, 3, 3, 3, 3, 3], [3, 3, 3, 3, 3, 3], [3, 3, 3, 3, 3, 3]];0.3;1;0.5;100;0.05;100;True;100;0;False;0.0001;5
[[3, 3, 3, 3, 3, 3], [3, 3, 3, 3, 3, 3], [3, 3, 1, 3, 3, 3], [3, 3, 3, 3, 3, 3], [3, 3, 3, 3, 3, 3], [3, 3, 3, 3, 3, 3]];0.3;1;0.5;100;0.05;500;True;100;0;False;0.0001;5
[[3, 3, 3, 3, 3, 3], [3, 3, 3, 3, 3, 3], [3, 3, 1, 3, 3, 3], [3, 3, 3, 3, 3, 3], [3, 3, 3, 3, 3, 3], [3, 3, 3, 3, 3, 3]];0.3;1;0.5;100;0.05;1000;True;100;0;False;0.0001;5
[[3, 3, 3, 3, 3, 3], [3, 3, 3, 3, 3, 3], [3, 3, 1, 3, 3, 3], [3, 3, 3, 3, 3, 3], [3, 3, 3, 3, 3, 3], [3, 3, 3, 3, 3, 3]];0.3;1;0.5;100;0.1;100;True;100;0;False;0.0001;5
[[3, 3, 3, 3, 3, 3], [3, 3, 3, 3, 3, 3], [3, 3, 1, 3, 3, 3], [3, 3, 3, 3, 3, 3], [3, 3, 3, 3, 3, 3], [3, 3, 3, 3, 3, 3]];0.3;1;0.5;100;0.1;500;True;100;0;False;0.0001;5
[[3, 3, 3, 3, 3, 3], [3, 3, 3, 3, 3, 3], [3, 3, 1, 3, 3, 3], [3, 3, 3, 3, 3, 3], [3, 3, 3, 3, 3, 3], [3, 3, 3, 3, 3, 3]];0.3;1;0.5;100;0.1;1000;True;100;0;False;0.0001;5
[[3, 3, 3, 3, 3, 3], [3, 3, 3, 3, 3, 3], [3, 3, 1, 3, 3, 3], [3, 3, 3, 3, 3, 3], [3, 3, 3, 3, 3, 3], [3, 3, 3, 3, 3, 3]];0.3;1;0.7;100;0.01;100;True;100;0;False;0.0001;5
[[3, 3, 3, 3, 3, 3], [3, 3, 3, 3, 3, 3], [3, 3, 1, 3, 3, 3], [3, 3, 3, 3, 3, 3], [3, 3, 3, 3, 3, 3], [3, 3, 3, 3, 3, 3]];0.3;1;0.7;100;0.01;500;True;100;0;False;0.0001;5
[[3, 3, 3, 3, 3, 3], [3, 3, 3, 3, 3, 3], [3, 3, 1, 3, 3, 3], [3, 3, 3, 3, 3, 3], [3, 3, 3, 3, 3, 3], [3, 3, 3, 3, 3, 3]];0.3;1;0.7;100;0.01;1000;True;100;0;False;0.0001;5
[[3, 3, 3, 3, 3, 3], [3, 3, 3, 3, 3, 3], [3, 3, 1, 3, 3, 3], [3, 3, 3, 3, 3, 3], [3, 3, 3, 3, 3, 3], [3, 3, 3, 3, 3, 3]];0.3;1;0.7;100;0.05;100;True;100;0;False;0.0001;5
[[3, 3, 3, 3, 3, 3], [3, 3, 3, 3, 3, 3], [3, 3, 1, 3, 3, 3], [3, 3, 3, 3, 3, 3], [3, 3, 3, 3, 3, 3], [3, 3, 3, 3, 3, 3]];0.3;1;0.7;100;0.05;500;True;100;0;False;0.0001;5
[[3, 3, 3, 3, 3, 3], [3, 3, 3, 3, 3, 3], [3, 3, 1, 3, 3, 3], [3, 3, 3, 3, 3, 3], [3, 3, 3, 3, 3, 3], [3, 3, 3, 3, 3, 3]];0.3;1;0.7;100;0.05;1000;True;100;0;False;0.0001;5
[[3, 3, 3, 3, 3, 3], [3, 3, 3, 3, 3, 3], [3, 3, 1, 3, 3, 3], [3, 3, 3, 3, 3, 3], [3, 3, 3, 3, 3, 3], [3, 3, 3, 3, 3, 3]];0.3;1;0.7;100;0.1;100;True;100;0;False;0.0001;5
[[3, 3, 3, 3, 3, 3], [3, 3, 3, 3, 3, 3], [3, 3, 1, 3, 3, 3], [3, 3, 3, 3, 3, 3], [3, 3, 3, 3, 3, 3], [3, 3, 3, 3, 3, 3]];0.3;1;0.7;100;0.1;500;True;100;0;False;0.0001;5
[[3, 3, 3, 3, 3, 3], [3, 3, 3, 3, 3, 3], [3, 3, 1, 3, 3, 3], [3, 3, 3, 3, 3, 3], [3, 3, 3, 3, 3, 3], [3, 3, 3, 3, 3, 3]];0.3;1;0.7;100;0.1;1000;True;100;0;False;0.0001;5
[[3, 3, 3, 3, 3, 3], [3, 3, 3, 3, 3, 3], [3, 3, 1, 3, 3, 3], [3, 3, 3, 3, 3, 3], [3, 3, 3, 3, 3, 3], [3, 3, 3, 3, 3, 3]];0.3;1;0.9;100;0.01;100;True;100;0;False;0.0001;5
[[3, 3, 3, 3, 3, 3], [3, 3, 3, 3, 3, 3], [3, 3, 1, 3, 3, 3], [3, 3, 3, 3, 3, 3], [3, 3, 3, 3, 3, 3], [3, 3, 3, 3, 3, 3]];0.3;1;0.9;100;0.01;500;True;100;0;False;0.0001;5
[[3, 3, 3, 3, 3, 3], [3, 3, 3, 3, 3, 3], [3, 3, 1, 3, 3, 3], [3, 3, 3, 3, 3, 3], [3, 3, 3, 3, 3, 3], [3, 3, 3, 3, 3, 3]];0.3;1;0.9;100;0.01;1000;True;100;0;False;0.0001;5
[[3, 3, 3, 3, 3, 3], [3, 3, 3, 3, 3, 3], [3, 3, 1, 3, 3, 3], [3, 3, 3, 3, 3, 3], [3, 3, 3, 3, 3, 3], [3, 3, 3, 3, 3, 3]];0.3;1;0.9;100;0.05;100;True;100;0;False;0.0001;5
[[3, 3, 3, 3, 3, 3], [3, 3, 3, 3, 3, 3], [3, 3, 1, 3, 3, 3], [3, 3, 3, 3, 3, 3], [3, 3, 3, 3, 3, 3], [3, 3, 3, 3, 3, 3]];0.3;1;0.9;100;0.05;500;True;100;0;False;0.0001;5
[[3, 3, 3, 3, 3, 3], [3, 3, 3, 3, 3, 3], [3, 3, 1, 3, 3, 3], [3, 3, 3, 3, 3, 3], [3, 3, 3, 3, 3, 3], [3, 3, 3, 3, 3, 3]];0.3;1;0.9;100;0.05;1000;True;100;0;False;0.0001;5
[[3, 3, 3, 3, 3, 3], [3, 3, 3, 3, 3, 3], [3, 3, 1, 3, 3, 3], [3, 3, 3, 3, 3, 3], [3, 3, 3, 3, 3, 3], [3, 3, 3, 3, 3, 3]];0.3;1;0.9;100;0.1;100;True;100;0;False;0.0001;5
[[3, 3, 3, 3, 3, 3], [3, 3, 3, 3, 3, 3], [3, 3, 1, 3, 3, 3], [3, 3, 3, 3, 3, 3], [3, 3, 3, 3, 3, 3], [3, 3, 3, 3, 3, 3]];0.3;1;0.9;100;0.1;500;True;100;0;False;0.0001;5
[[3, 3, 3, 3, 3, 3], [3, 3, 3, 3, 3, 3], [3, 3, 1, 3, 3, 3], [3, 3, 3, 3, 3, 3], [3, 3, 3, 3, 3, 3], [3, 3, 3, 3, 3, 3]];0.3;1;0.9;100;0.1;1000;True;100;0;False;0.0001;5
[[3, 3, 3, 3, 3, 3], [3, 3, 3, 3, 3, 3], [3, 3, 1, 3, 3, 3], [3, 3, 3, 3, 3, 3], [3, 3, 3, 3, 3, 3], [3, 3, 3, 3, 3, 3]];0.5;1;0.1;100;0.01;100;True;100;0;False;0.0001;5
[[3, 3, 3, 3, 3, 3], [3, 3, 3, 3, 3, 3], [3, 3, 1, 3, 3, 3], [3, 3, 3, 3, 3, 3], [3, 3, 3, 3, 3, 3], [3, 3, 3, 3, 3, 3]];0.5;1;0.1;100;0.01;500;True;100;0;False;0.0001;5
[[3, 3, 3, 3, 3, 3], [3, 3, 3, 3, 3, 3], [3, 3, 1, 3, 3, 3], [3, 3, 3, 3, 3, 3], [3, 3, 3, 3, 3, 3], [3, 3, 3, 3, 3, 3]];0.5;1;0.1;100;0.01;1000;True;100;0;False;0.0001;5
[[3, 3, 3, 3, 3, 3], [3, 3, 3, 3, 3, 3], [3, 3, 1, 3, 3, 3], [3, 3, 3, 3, 3, 3], [3, 3, 3, 3, 3, 3], [3, 3, 3, 3, 3, 3]];0.5;1;0.1;100;0.05;100;True;100;0;False;0.0001;5
[[3, 3, 3, 3, 3, 3], [3, 3, 3, 3, 3, 3], [3, 3, 1, 3, 3, 3], [3, 3, 3, 3, 3, 3], [3, 3, 3, 3, 3, 3], [3, 3, 3, 3, 3, 3]];0.5;1;0.1;100;0.05;500;True;100;0;False;0.0001;5
[[3, 3, 3, 3, 3, 3], [3, 3, 3, 3, 3, 3], [3, 3, 1, 3, 3, 3], [3, 3, 3, 3, 3, 3], [3, 3, 3, 3, 3, 3], [3, 3, 3, 3, 3, 3]];0.5;1;0.1;100;0.05;1000;True;100;0;False;0.0001;5
[[3, 3, 3, 3, 3, 3], [3, 3, 3, 3, 3, 3], [3, 3, 1, 3, 3, 3], [3, 3, 3, 3, 3, 3], [3, 3, 3, 3, 3, 3], [3, 3, 3, 3, 3, 3]];0.5;1;0.1;100;0.1;100;True;100;0;False;0.0001;5
[[3, 3, 3, 3, 3, 3], [3, 3, 3, 3, 3, 3], [3, 3, 1, 3, 3, 3], [3, 3, 3, 3, 3, 3], [3, 3, 3, 3, 3, 3], [3, 3, 3, 3, 3, 3]];0.5;1;0.1;100;0.1;500;True;100;0;False;0.0001;5
[[3, 3, 3, 3, 3, 3], [3, 3, 3, 3, 3, 3], [3, 3, 1, 3, 3, 3], [3, 3, 3, 3, 3, 3], [3, 3, 3, 3, 3, 3], [3, 3, 3, 3, 3, 3]];0.5;1;0.1;100;0.1;1000;True;100;0;False;0.0001;5
[[3, 3, 3, 3, 3, 3], [3, 3, 3, 3, 3, 3], [3, 3, 1, 3, 3, 3], [3, 3, 3, 3, 3, 3], [3, 3, 3, 3, 3, 3], [3, 3, 3, 3, 3, 3]];0.5;1;0.3;100;0.01;100;True;100;0;False;0.0001;5
[[3, 3, 3, 3, 3, 3], [3, 3, 3, 3, 3, 3], [3, 3, 1, 3, 3, 3], [3, 3, 3, 3, 3, 3], [3, 3, 3, 3, 3, 3], [3, 3, 3, 3, 3, 3]];0.5;1;0.3;100;0.01;500;True;100;0;False;0.0001;5
[[3, 3, 3, 3, 3, 3], [3, 3, 3, 3, 3, 3], [3, 3, 1, 3, 3, 3], [3, 3, 3, 3, 3, 3], [3, 3, 3, 3, 3, 3], [3, 3, 3, 3, 3, 3]];0.5;1;0.3;100;0.01;1000;True;100;0;False;0.0001;5
[[3, 3, 3, 3, 3, 3], [3, 3, 3, 3, 3, 3], [3, 3, 1, 3, 3, 3], [3, 3, 3, 3, 3, 3], [3, 3, 3, 3, 3, 3], [3, 3, 3, 3, 3, 3]];0.5;1;0.3;100;0.05;100;True;100;0;False;0.0001;5
[[3, 3, 3, 3, 3, 3], [3, 3, 3, 3, 3, 3], [3, 3, 1, 3, 3, 3], [3, 3, 3, 3, 3, 3], [3, 3, 3, 3, 3, 3], [3, 3, 3, 3, 3, 3]];0.5;1;0.3;100;0.05;500;True;100;0;False;0.0001;5
[[3, 3, 3, 3, 3, 3], [3, 3, 3, 3, 3, 3], [3, 3, 1, 3, 3, 3], [3, 3, 3, 3, 3, 3], [3, 3, 3, 3, 3, 3], [3, 3, 3, 3, 3, 3]];0.5;1;0.3;100;0.05;1000;True;100;0;False;0.0001;5
[[3, 3, 3, 3, 3, 3], [3, 3, 3, 3, 3, 3], [3, 3, 1, 3, 3, 3], [3, 3, 3, 3, 3, 3], [3, 3, 3, 3, 3, 3], [3, 3, 3, 3, 3, 3]];0.5;1;0.3;100;0.1;100;True;100;0;False;0.0001;5
[[3, 3, 3, 3, 3, 3], [3, 3, 3, 3, 3, 3], [3, 3, 1, 3, 3, 3], [3, 3, 3, 3, 3, 3], [3, 3, 3, 3, 3, 3], [3, 3, 3, 3, 3, 3]];0.5;1;0.3;100;0.1;500;True;100;0;False;0.0001;5
[[3, 3, 3, 3, 3, 3], [3, 3, 3, 3, 3, 3], [3, 3, 1, 3, 3, 3], [3, 3, 3, 3, 3, 3], [3, 3, 3, 3, 3, 3], [3, 3, 3, 3, 3, 3]];0.5;1;0.3;100;0.1;1000;True;100;0;False;0.0001;5
[[3, 3, 3, 3, 3, 3], [3, 3, 3, 3, 3, 3], [3, 3, 1, 3, 3, 3], [3, 3, 3, 3, 3, 3], [3, 3, 3, 3, 3, 3], [3, 3, 3, 3, 3, 3]];0.5;1;0.5;100;0.01;100;True;100;0;False;0.0001;5
[[3, 3, 3, 3, 3, 3], [3, 3, 3, 3, 3, 3], [3, 3, 1, 3, 3, 3], [3, 3, 3, 3, 3, 3], [3, 3, 3, 3, 3, 3], [3, 3, 3, 3, 3, 3]];0.5;1;0.5;100;0.01;500;True;100;0;False;0.0001;5
[[3, 3, 3, 3, 3, 3], [3, 3, 3, 3, 3, 3], [3, 3, 1, 3, 3, 3], [3, 3, 3, 3, 3, 3], [3, 3, 3, 3, 3, 3], [3, 3, 3, 3, 3, 3]];0.5;1;0.5;100;0.01;1000;True;100;0;False;0.0001;5
[[3, 3, 3, 3, 3, 3], [3, 3, 3, 3, 3, 3], [3, 3, 1, 3, 3, 3], [3, 3, 3, 3, 3, 3], [3, 3, 3, 3, 3, 3], [3, 3, 3, 3, 3, 3]];0.5;1;0.5;100;0.05;100;True;100;0;False;0.0001;5
[[3, 3, 3, 3, 3, 3], [3, 3, 3, 3, 3, 3], [3, 3, 1, 3, 3, 3], [3, 3, 3, 3, 3, 3], [3, 3, 3, 3, 3, 3], [3, 3, 3, 3, 3, 3]];0.5;1;0.5;100;0.05;500;True;100;0;False;0.0001;5
[[3, 3, 3, 3, 3, 3], [3, 3, 3, 3, 3, 3], [3, 3, 1, 3, 3, 3], [3, 3, 3, 3, 3, 3], [3, 3, 3, 3, 3, 3], [3, 3, 3, 3, 3, 3]];0.5;1;0.5;100;0.05;1000;True;100;0;False;0.0001;5
[[3, 3, 3, 3, 3, 3], [3, 3, 3, 3, 3, 3], [3, 3, 1, 3, 3, 3], [3, 3, 3, 3, 3, 3], [3, 3, 3, 3, 3, 3], [3, 3, 3, 3, 3, 3]];0.5;1;0.5;100;0.1;100;True;100;0;False;0.0001;5
[[3, 3, 3, 3, 3, 3], [3, 3, 3, 3, 3, 3], [3, 3, 1, 3, 3, 3], [3, 3, 3, 3, 3, 3], [3, 3, 3, 3, 3, 3], [3, 3, 3, 3, 3, 3]];0.5;1;0.5;100;0.1;500;True;100;0;False;0.0001;5
[[3, 3, 3, 3, 3, 3], [3, 3, 3, 3, 3, 3], [3, 3, 1, 3, 3, 3], [3, 3, 3, 3, 3, 3], [3, 3, 3, 3, 3, 3], [3, 3, 3, 3, 3, 3]];0.5;1;0.5;100;0.1;1000;True;100;0;False;0.0001;5
[[3, 3, 3, 3, 3, 3], [3, 3, 3, 3, 3, 3], [3, 3, 1, 3, 3, 3], [3, 3, 3, 3, 3, 3], [3, 3, 3, 3, 3, 3], [3, 3, 3, 3, 3, 3]];0.5;1;0.7;100;0.01;100;True;100;0;False;0.0001;5
[[3, 3, 3, 3, 3, 3], [3, 3, 3, 3, 3, 3], [3, 3, 1, 3, 3, 3], [3, 3, 3, 3, 3, 3], [3, 3, 3, 3, 3, 3], [3, 3, 3, 3, 3, 3]];0.5;1;0.7;100;0.01;500;True;100;0;False;0.0001;5
[[3, 3, 3, 3, 3, 3], [3, 3, 3, 3, 3, 3], [3, 3, 1, 3, 3, 3], [3, 3, 3, 3, 3, 3], [3, 3, 3, 3, 3, 3], [3, 3, 3, 3, 3, 3]];0.5;1;0.7;100;0.01;1000;True;100;0;False;0.0001;5
[[3, 3, 3, 3, 3, 3], [3, 3, 3, 3, 3, 3], [3, 3, 1, 3, 3, 3], [3, 3, 3, 3, 3, 3], [3, 3, 3, 3, 3, 3], [3, 3, 3, 3, 3, 3]];0.5;1;0.7;100;0.05;100;True;100;0;False;0.0001;5
[[3, 3, 3, 3, 3, 3], [3, 3, 3, 3, 3, 3], [3, 3, 1, 3, 3, 3], [3, 3, 3, 3, 3, 3], [3, 3, 3, 3, 3, 3], [3, 3, 3, 3, 3, 3]];0.5;1;0.7;100;0.05;500;True;100;0;False;0.0001;5
[[3, 3, 3, 3, 3, 3], [3, 3, 3, 3, 3, 3], [3, 3, 1, 3, 3, 3], [3, 3, 3, 3, 3, 3], [3, 3, 3, 3, 3, 3], [3, 3, 3, 3, 3, 3]];0.5;1;0.7;100;0.05;1000;True;100;0;False;0.0001;5
[[3, 3, 3, 3, 3, 3], [3, 3, 3, 3, 3, 3], [3, 3, 1, 3, 3, 3], [3, 3, 3, 3, 3, 3], [3, 3, 3, 3, 3, 3], [3, 3, 3, 3, 3, 3]];0.5;1;0.7;100;0.1;100;True;100;0;False;0.0001;5
[[3, 3, 3, 3, 3, 3], [3, 3, 3, 3, 3, 3], [3, 3, 1, 3, 3, 3], [3, 3, 3, 3, 3, 3], [3, 3, 3, 3, 3, 3], [3, 3, 3, 3, 3, 3]];0.5;1;0.7;100;0.1;500;True;100;0;False;0.0001;5
[[3, 3, 3, 3, 3, 3], [3, 3, 3, 3, 3, 3], [3, 3, 1, 3, 3, 3], [3, 3, 3, 3, 3, 3], [3, 3, 3, 3, 3, 3], [3, 3, 3, 3, 3, 3]];0.5;1;0.7;100;0.1;1000;True;100;0;False;0.0001;5
[[3, 3, 3, 3, 3, 3], [3, 3, 3, 3, 3, 3], [3, 3, 1, 3, 3, 3], [3, 3, 3, 3, 3, 3], [3, 3, 3, 3, 3, 3], [3, 3, 3, 3, 3, 3]];0.5;1;0.9;100;0.01;100;True;100;0;False;0.0001;5
[[3, 3, 3, 3, 3, 3], [3, 3, 3, 3, 3, 3], [3, 3, 1, 3, 3, 3], [3, 3, 3, 3, 3, 3], [3, 3, 3, 3, 3, 3], [3, 3, 3, 3, 3, 3]];0.5;1;0.9;100;0.01;500;True;100;0;False;0.0001;5
[[3, 3, 3, 3, 3, 3], [3, 3, 3, 3, 3, 3], [3, 3, 1, 3, 3, 3], [3, 3, 3, 3, 3, 3], [3, 3, 3, 3, 3, 3], [3, 3, 3, 3, 3, 3]];0.5;1;0.9;100;0.01;1000;True;100;0;False;0.0001;5
[[3, 3, 3, 3, 3, 3], [3, 3, 3, 3, 3, 3], [3, 3, 1, 3, 3, 3], [3, 3, 3, 3, 3, 3], [3, 3, 3, 3, 3, 3], [3, 3, 3, 3, 3, 3]];0.5;1;0.9;100;0.05;100;True;100;0;False;0.0001;5
[[3, 3, 3, 3, 3, 3], [3, 3, 3, 3, 3, 3], [3, 3, 1, 3, 3, 3], [3, 3, 3, 3, 3, 3], [3, 3, 3, 3, 3, 3], [3, 3, 3, 3, 3, 3]];0.5;1;0.9;100;0.05;500;True;100;0;False;0.0001;5
[[3, 3, 3, 3, 3, 3], [3, 3, 3, 3, 3, 3], [3, 3, 1, 3, 3, 3], [3, 3, 3, 3, 3, 3], [3, 3, 3, 3, 3, 3], [3, 3, 3, 3, 3, 3]];0.5;1;0.9;100;0.05;1000;True;100;0;False;0.0001;5
[[3, 3, 3, 3, 3, 3], [3, 3, 3, 3, 3, 3], [3, 3, 1, 3, 3, 3], [3, 3, 3, 3, 3, 3], [3, 3, 3, 3, 3, 3], [3, 3, 3, 3, 3, 3]];0.5;1;0.9;100;0.1;100;True;100;0;False;0.0001;5
[[3, 3, 3, 3, 3, 3], [3, 3, 3, 3, 3, 3], [3, 3, 1, 3, 3, 3], [3, 3, 3, 3, 3, 3], [3, 3, 3, 3, 3, 3], [3, 3, 3, 3, 3, 3]];0.5;1;0.9;100;0.1;500;True;100;0;False;0.0001;5
[[3, 3, 3, 3, 3, 3], [3, 3, 3, 3, 3, 3], [3, 3, 1, 3, 3, 3], [3, 3, 3, 3, 3, 3], [3, 3, 3, 3, 3, 3], [3, 3, 3, 3, 3, 3]];0.5;1;0.9;100;0.1;1000;True;100;0;False;0.0001;5
[[3, 3, 3, 3, 3, 3], [3, 3, 3, 3, 3, 3], [3, 3, 1, 3, 3, 3], [3, 3, 3, 3, 3, 3], [3, 3, 3, 3, 3, 3], [3, 3, 3, 3, 3, 3]];0.7;1;0.1;100;0.01;100;True;100;0;False;0.0001;5
[[3, 3, 3, 3, 3, 3], [3, 3, 3, 3, 3, 3], [3, 3, 1, 3, 3, 3], [3, 3, 3, 3, 3, 3], [3, 3, 3, 3, 3, 3], [3, 3, 3, 3, 3, 3]];0.7;1;0.1;100;0.01;500;True;100;0;False;0.0001;5
[[3, 3, 3, 3, 3, 3], [3, 3, 3, 3, 3, 3], [3, 3, 1, 3, 3, 3], [3, 3, 3, 3, 3, 3], [3, 3, 3, 3, 3, 3], [3, 3, 3, 3, 3, 3]];0.7;1;0.1;100;0.01;1000;True;100;0;False;0.0001;5
[[3, 3, 3, 3, 3, 3], [3, 3, 3, 3, 3, 3], [3, 3, 1, 3, 3, 3], [3, 3, 3, 3, 3, 3], [3, 3, 3, 3, 3, 3], [3, 3, 3, 3, 3, 3]];0.7;1;0.1;100;0.05;100;True;100;0;False;0.0001;5
[[3, 3, 3, 3, 3, 3], [3, 3, 3, 3, 3, 3], [3, 3, 1, 3, 3, 3], [3, 3, 3, 3, 3, 3], [3, 3, 3, 3, 3, 3], [3, 3, 3, 3, 3, 3]];0.7;1;0.1;100;0.05;500;True;100;0;False;0.0001;5
[[3, 3, 3, 3, 3, 3], [3, 3, 3, 3, 3, 3], [3, 3, 1, 3, 3, 3], [3, 3, 3, 3, 3, 3], [3, 3, 3, 3, 3, 3], [3, 3, 3, 3, 3, 3]];0.7;1;0.1;100;0.05;1000;True;100;0;False;0.0001;5
[[3, 3, 3, 3, 3, 3], [3, 3, 3, 3, 3, 3], [3, 3, 1, 3, 3, 3], [3, 3, 3, 3, 3, 3], [3, 3, 3, 3, 3, 3], [3, 3, 3, 3, 3, 3]];0.7;1;0.1;100;0.1;100;True;100;0;False;0.0001;5
[[3, 3, 3, 3, 3, 3], [3, 3, 3, 3, 3, 3], [3, 3, 1, 3, 3, 3], [3, 3, 3, 3, 3, 3], [3, 3, 3, 3, 3, 3], [3, 3, 3, 3, 3, 3]];0.7;1;0.1;100;0.1;500;True;100;0;False;0.0001;5
[[3, 3, 3, 3, 3, 3], [3, 3, 3, 3, 3, 3], [3, 3, 1, 3, 3, 3], [3, 3, 3, 3, 3, 3], [3, 3, 3, 3, 3, 3], [3, 3, 3, 3, 3, 3]];0.7;1;0.1;100;0.1;1000;True;100;0;False;0.0001;5
[[3, 3, 3, 3, 3, 3], [3, 3, 3, 3, 3, 3], [3, 3, 1, 3, 3, 3], [3, 3, 3, 3, 3, 3], [3, 3, 3, 3, 3, 3], [3, 3, 3, 3, 3, 3]];0.7;1;0.3;100;0.01;100;True;100;0;False;0.0001;5
[[3, 3, 3, 3, 3, 3], [3, 3, 3, 3, 3, 3], [3, 3, 1, 3, 3, 3], [3, 3, 3, 3, 3, 3], [3, 3, 3, 3, 3, 3], [3, 3, 3, 3, 3, 3]];0.7;1;0.3;100;0.01;500;True;100;0;False;0.0001;5
[[3, 3, 3, 3, 3, 3], [3, 3, 3, 3, 3, 3], [3, 3, 1, 3, 3, 3], [3, 3, 3, 3, 3, 3], [3, 3, 3, 3, 3, 3], [3, 3, 3, 3, 3, 3]];0.7;1;0.3;100;0.01;1000;True;100;0;False;0.0001;5
[[3, 3, 3, 3, 3, 3], [3, 3, 3, 3, 3, 3], [3, 3, 1, 3, 3, 3], [3, 3, 3, 3, 3, 3], [3, 3, 3, 3, 3, 3], [3, 3, 3, 3, 3, 3]];0.7;1;0.3;100;0.05;100;True;100;0;False;0.0001;5
[[3, 3, 3, 3, 3, 3], [3, 3, 3, 3, 3, 3], [3, 3, 1, 3, 3, 3], [3, 3, 3, 3, 3, 3], [3, 3, 3, 3, 3, 3], [3, 3, 3, 3, 3, 3]];0.7;1;0.3;100;0.05;500;True;100;0;False;0.0001;5
[[3, 3, 3, 3, 3, 3], [3, 3, 3, 3, 3, 3], [3, 3, 1, 3, 3, 3], [3, 3, 3, 3, 3, 3], [3, 3, 3, 3, 3, 3], [3, 3, 3, 3, 3, 3]];0.7;1;0.3;100;0.05;1000;True;100;0;False;0.0001;5
[[3, 3, 3, 3, 3, 3], [3, 3, 3, 3, 3, 3], [3, 3, 1, 3, 3, 3], [3, 3, 3, 3, 3, 3], [3, 3, 3, 3, 3, 3], [3, 3, 3, 3, 3, 3]];0.7;1;0.3;100;0.1;100;True;100;0;False;0.0001;5
[[3, 3, 3, 3, 3, 3], [3, 3, 3, 3, 3, 3], [3, 3, 1, 3, 3, 3], [3, 3, 3, 3, 3, 3], [3, 3, 3, 3, 3, 3], [3, 3, 3, 3, 3, 3]];0.7;1;0.3;100;0.1;500;True;100;0;False;0.0001;5
[[3, 3, 3, 3, 3, 3], [3, 3, 3, 3, 3, 3], [3, 3, 1, 3, 3, 3], [3, 3, 3, 3, 3, 3], [3, 3, 3, 3, 3, 3], [3, 3, 3, 3, 3, 3]];0.7;1;0.3;100;0.1;1000;True;100;0;False;0.0001;5
[[3, 3, 3, 3, 3, 3], [3, 3, 3, 3, 3, 3], [3, 3, 1, 3, 3, 3], [3, 3, 3, 3, 3, 3], [3, 3, 3, 3, 3, 3], [3, 3, 3, 3, 3, 3]];0.7;1;0.5;100;0.01;100;True;100;0;False;0.0001;5
[[3, 3, 3, 3, 3, 3], [3, 3, 3, 3, 3, 3], [3, 3, 1, 3, 3, 3], [3, 3, 3, 3, 3, 3], [3, 3, 3, 3, 3, 3], [3, 3, 3, 3, 3, 3]];0.7;1;0.5;100;0.01;500;True;100;0;False;0.0001;5
[[3, 3, 3, 3, 3, 3], [3, 3, 3, 3, 3, 3], [3, 3, 1, 3, 3, 3], [3, 3, 3, 3, 3, 3], [3, 3, 3, 3, 3, 3], [3, 3, 3, 3, 3, 3]];0.7;1;0.5;100;0.01;1000;True;100;0;False;0.0001;5
[[3, 3, 3, 3, 3, 3], [3, 3, 3, 3, 3, 3], [3, 3, 1, 3, 3, 3], [3, 3, 3, 3, 3, 3], [3, 3, 3, 3, 3, 3], [3, 3, 3, 3, 3, 3]];0.7;1;0.5;100;0.05;100;True;100;0;False;0.0001;5
[[3, 3, 3, 3, 3, 3], [3, 3, 3, 3, 3, 3], [3, 3, 1, 3, 3, 3], [3, 3, 3, 3, 3, 3], [3, 3, 3, 3, 3, 3], [3, 3, 3, 3, 3, 3]];0.7;1;0.5;100;0.05;500;True;100;0;False;0.0001;5
[[3, 3, 3, 3, 3, 3], [3, 3, 3, 3, 3, 3], [3, 3, 1, 3, 3, 3], [3, 3, 3, 3, 3, 3], [3, 3, 3, 3, 3, 3], [3, 3, 3, 3, 3, 3]];0.7;1;0.5;100;0.05;1000;True;100;0;False;0.0001;5
[[3, 3, 3, 3, 3, 3], [3, 3, 3, 3, 3, 3], [3, 3, 1, 3, 3, 3], [3, 3, 3, 3, 3, 3], [3, 3, 3, 3, 3, 3], [3, 3, 3, 3, 3, 3]];0.7;1;0.5;100;0.1;100;True;100;0;False;0.0001;5
[[3, 3, 3, 3, 3, 3], [3, 3, 3, 3, 3, 3], [3, 3, 1, 3, 3, 3], [3, 3, 3, 3, 3, 3], [3, 3, 3, 3, 3, 3], [3, 3, 3, 3, 3, 3]];0.7;1;0.5;100;0.1;500;True;100;0;False;0.0001;5
[[3, 3, 3, 3, 3, 3], [3, 3, 3, 3, 3, 3], [3, 3, 1, 3, 3, 3], [3, 3, 3, 3, 3, 3], [3, 3, 3, 3, 3, 3], [3, 3, 3, 3, 3, 3]];0.7;1;0.5;100;0.1;1000;True;100;0;False;0.0001;5
[[3, 3, 3, 3, 3, 3], [3, 3, 3, 3, 3, 3], [3, 3, 1, 3, 3, 3], [3, 3, 3, 3, 3, 3], [3, 3, 3, 3, 3, 3], [3, 3, 3, 3, 3, 3]];0.7;1;0.7;100;0.01;100;True;100;0;False;0.0001;5
[[3, 3, 3, 3, 3, 3], [3, 3, 3, 3, 3, 3], [3, 3, 1, 3, 3, 3], [3, 3, 3, 3, 3, 3], [3, 3, 3, 3, 3, 3], [3, 3, 3, 3, 3, 3]];0.7;1;0.7;100;0.01;500;True;100;0;False;0.0001;5
[[3, 3, 3, 3, 3, 3], [3, 3, 3, 3, 3, 3], [3, 3, 1, 3, 3, 3], [3, 3, 3, 3, 3, 3], [3, 3, 3, 3, 3, 3], [3, 3, 3, 3, 3, 3]];0.7;1;0.7;100;0.01;1000;True;100;0;False;0.0001;5
[[3, 3, 3, 3, 3, 3], [3, 3, 3, 3, 3, 3], [3, 3, 1, 3, 3, 3], [3, 3, 3, 3, 3, 3], [3, 3, 3, 3, 3, 3], [3, 3, 3, 3, 3, 3]];0.7;1;0.7;100;0.05;100;True;100;0;False;0.0001;5
[[3, 3, 3, 3, 3, 3], [3, 3, 3, 3, 3, 3], [3, 3, 1, 3, 3, 3], [3, 3, 3, 3, 3, 3], [3, 3, 3, 3, 3, 3], [3, 3, 3, 3, 3, 3]];0.7;1;0.7;100;0.05;500;True;100;0;False;0.0001;5
[[3, 3, 3, 3, 3, 3], [3, 3, 3, 3, 3, 3], [3, 3, 1, 3, 3, 3], [3, 3, 3, 3, 3, 3], [3, 3, 3, 3, 3, 3], [3, 3, 3, 3, 3, 3]];0.7;1;0.7;100;0.05;1000;True;100;0;False;0.0001;5
[[3, 3, 3, 3, 3, 3], [3, 3, 3, 3, 3, 3], [3, 3, 1, 3, 3, 3], [3, 3, 3, 3, 3, 3], [3, 3, 3, 3, 3, 3], [3, 3, 3, 3, 3, 3]];0.7;1;0.7;100;0.1;100;True;100;0;False;0.0001;5
[[3, 3, 3, 3, 3, 3], [3, 3, 3, 3, 3, 3], [3, 3, 1, 3, 3, 3], [3, 3, 3, 3, 3, 3], [3, 3, 3, 3, 3, 3], [3, 3, 3, 3, 3, 3]];0.7;1;0.7;100;0.1;500;True;100;0;False;0.0001;5
[[3, 3, 3, 3, 3, 3], [3, 3, 3, 3, 3, 3], [3, 3, 1, 3, 3, 3], [3, 3, 3, 3, 3, 3], [3, 3, 3, 3, 3, 3], [3, 3, 3, 3, 3, 3]];0.7;1;0.7;100;0.1;1000;True;100;0;False;0.0001;5
[[3, 3, 3, 3, 3, 3], [3, 3, 3, 3, 3, 3], [3, 3, 1, 3, 3, 3], [3, 3, 3, 3, 3, 3], [3, 3, 3, 3, 3, 3], [3, 3, 3, 3, 3, 3]];0.7;1;0.9;100;0.01;100;True;100;0;False;0.0001;5
[[3, 3, 3, 3, 3, 3], [3, 3, 3, 3, 3, 3], [3, 3, 1, 3, 3, 3], [3, 3, 3, 3, 3, 3], [3, 3, 3, 3, 3, 3], [3, 3, 3, 3, 3, 3]];0.7;1;0.9;100;0.01;500;True;100;0;False;0.0001;5
[[3, 3, 3, 3, 3, 3], [3, 3, 3, 3, 3, 3], [3, 3, 1, 3, 3, 3], [3, 3, 3, 3, 3, 3], [3, 3, 3, 3, 3, 3], [3, 3, 3, 3, 3, 3]];0.7;1;0.9;100;0.01;1000;True;100;0;False;0.0001;5
[[3, 3, 3, 3, 3, 3], [3, 3, 3, 3, 3, 3], [3, 3, 1, 3, 3, 3], [3, 3, 3, 3, 3, 3], [3, 3, 3, 3, 3, 3], [3, 3, 3, 3, 3, 3]];0.7;1;0.9;100;0.05;100;True;100;0;False;0.0001;5
[[3, 3, 3, 3, 3, 3], [3, 3, 3, 3, 3, 3], [3, 3, 1, 3, 3, 3], [3, 3, 3, 3, 3, 3], [3, 3, 3, 3, 3, 3], [3, 3, 3, 3, 3, 3]];0.7;1;0.9;100;0.05;500;True;100;0;False;0.0001;5
[[3, 3, 3, 3, 3, 3], [3, 3, 3, 3, 3, 3], [3, 3, 1, 3, 3, 3], [3, 3, 3, 3, 3, 3], [3, 3, 3, 3, 3, 3], [3, 3, 3, 3, 3, 3]];0.7;1;0.9;100;0.05;1000;True;100;0;False;0.0001;5
[[3, 3, 3, 3, 3, 3], [3, 3, 3, 3, 3, 3], [3, 3, 1, 3, 3, 3], [3, 3, 3, 3, 3, 3], [3, 3, 3, 3, 3, 3], [3, 3, 3, 3, 3, 3]];0.7;1;0.9;100;0.1;100;True;100;0;False;0.0001;5
[[3, 3, 3, 3, 3, 3], [3, 3, 3, 3, 3, 3], [3, 3, 1, 3, 3, 3], [3, 3, 3, 3, 3, 3], [3, 3, 3, 3, 3, 3], [3, 3, 3, 3, 3, 3]];0.7;1;0.9;100;0.1;500;True;100;0;False;0.0001;5
[[3, 3, 3, 3, 3, 3], [3, 3, 3, 3, 3, 3], [3, 3, 1, 3, 3, 3], [3, 3, 3, 3, 3, 3], [3, 3, 3, 3, 3, 3], [3, 3, 3, 3, 3, 3]];0.7;1;0.9;100;0.1;1000;True;100;0;False;0.0001;5
[[3, 3, 3, 3, 3, 3], [3, 3, 3, 3, 3, 3], [3, 3, 1, 3, 3, 3], [3, 3, 3, 3, 3, 3], [3, 3, 3, 3, 3, 3], [3, 3, 3, 3, 3, 3]];0.9;1;0.1;100;0.01;100;True;100;0;False;0.0001;5
[[3, 3, 3, 3, 3, 3], [3, 3, 3, 3, 3, 3], [3, 3, 1, 3, 3, 3], [3, 3, 3, 3, 3, 3], [3, 3, 3, 3, 3, 3], [3, 3, 3, 3, 3, 3]];0.9;1;0.1;100;0.01;500;True;100;0;False;0.0001;5
[[3, 3, 3, 3, 3, 3], [3, 3, 3, 3, 3, 3], [3, 3, 1, 3, 3, 3], [3, 3, 3, 3, 3, 3], [3, 3, 3, 3, 3, 3], [3, 3, 3, 3, 3, 3]];0.9;1;0.1;100;0.01;1000;True;100;0;False;0.0001;5
[[3, 3, 3, 3, 3, 3], [3, 3, 3, 3, 3, 3], [3, 3, 1, 3, 3, 3], [3, 3, 3, 3, 3, 3], [3, 3, 3, 3, 3, 3], [3, 3, 3, 3, 3, 3]];0.9;1;0.1;100;0.05;100;True;100;0;False;0.0001;5
[[3, 3, 3, 3, 3, 3], [3, 3, 3, 3, 3, 3], [3, 3, 1, 3, 3, 3], [3, 3, 3, 3, 3, 3], [3, 3, 3, 3, 3, 3], [3, 3, 3, 3, 3, 3]];0.9;1;0.1;100;0.05;500;True;100;0;False;0.0001;5
[[3, 3, 3, 3, 3, 3], [3, 3, 3, 3, 3, 3], [3, 3, 1, 3, 3, 3], [3, 3, 3, 3, 3, 3], [3, 3, 3, 3, 3, 3], [3, 3, 3, 3, 3, 3]];0.9;1;0.1;100;0.05;1000;True;100;0;False;0.0001;5
[[3, 3, 3, 3, 3, 3], [3, 3, 3, 3, 3, 3], [3, 3, 1, 3, 3, 3], [3, 3, 3, 3, 3, 3], [3, 3, 3, 3, 3, 3], [3, 3, 3, 3, 3, 3]];0.9;1;0.1;100;0.1;100;True;100;0;False;0.0001;5
[[3, 3, 3, 3, 3, 3], [3, 3, 3, 3, 3, 3], [3, 3, 1, 3, 3, 3], [3, 3, 3, 3, 3, 3], [3, 3, 3, 3, 3, 3], [3, 3, 3, 3, 3, 3]];0.9;1;0.1;100;0.1;500;True;100;0;False;0.0001;5
[[3, 3, 3, 3, 3, 3], [3, 3, 3, 3, 3, 3], [3, 3, 1, 3, 3, 3], [3, 3, 3, 3, 3, 3], [3, 3, 3, 3, 3, 3], [3, 3, 3, 3, 3, 3]];0.9;1;0.1;100;0.1;1000;True;100;0;False;0.0001;5
[[3, 3, 3, 3, 3, 3], [3, 3, 3, 3, 3, 3], [3, 3, 1, 3, 3, 3], [3, 3, 3, 3, 3, 3], [3, 3, 3, 3, 3, 3], [3, 3, 3, 3, 3, 3]];0.9;1;0.3;100;0.01;100;True;100;0;False;0.0001;5
[[3, 3, 3, 3, 3, 3], [3, 3, 3, 3, 3, 3], [3, 3, 1, 3, 3, 3], [3, 3, 3, 3, 3, 3], [3, 3, 3, 3, 3, 3], [3, 3, 3, 3, 3, 3]];0.9;1;0.3;100;0.01;500;True;100;0;False;0.0001;5
[[3, 3, 3, 3, 3, 3], [3, 3, 3, 3, 3, 3], [3, 3, 1, 3, 3, 3], [3, 3, 3, 3, 3, 3], [3, 3, 3, 3, 3, 3], [3, 3, 3, 3, 3, 3]];0.9;1;0.3;100;0.01;1000;True;100;0;False;0.0001;5
[[3, 3, 3, 3, 3, 3], [3, 3, 3, 3, 3, 3], [3, 3, 1, 3, 3, 3], [3, 3, 3, 3, 3, 3], [3, 3, 3, 3, 3, 3], [3, 3, 3, 3, 3, 3]];0.9;1;0.3;100;0.05;100;True;100;0;False;0.0001;5
[[3, 3, 3, 3, 3, 3], [3, 3, 3, 3, 3, 3], [3, 3, 1, 3, 3, 3], [3, 3, 3, 3, 3, 3], [3, 3, 3, 3, 3, 3], [3, 3, 3, 3, 3, 3]];0.9;1;0.3;100;0.05;500;True;100;0;False;0.0001;5
[[3, 3, 3, 3, 3, 3], [3, 3, 3, 3, 3, 3], [3, 3, 1, 3, 3, 3], [3, 3, 3, 3, 3, 3], [3, 3, 3, 3, 3, 3], [3, 3, 3, 3, 3, 3]];0.9;1;0.3;100;0.05;1000;True;100;0;False;0.0001;5
[[3, 3, 3, 3, 3, 3], [3, 3, 3, 3, 3, 3], [3, 3, 1, 3, 3, 3], [3, 3, 3, 3, 3, 3], [3, 3, 3, 3, 3, 3], [3, 3, 3, 3, 3, 3]];0.9;1;0.3;100;0.1;100;True;100;0;False;0.0001;5
[[3, 3, 3, 3, 3, 3], [3, 3, 3, 3, 3, 3], [3, 3, 1, 3, 3, 3], [3, 3, 3, 3, 3, 3], [3, 3, 3, 3, 3, 3], [3, 3, 3, 3, 3, 3]];0.9;1;0.3;100;0.1;500;True;100;0;False;0.0001;5
[[3, 3, 3, 3, 3, 3], [3, 3, 3, 3, 3, 3], [3, 3, 1, 3, 3, 3], [3, 3, 3, 3, 3, 3], [3, 3, 3, 3, 3, 3], [3, 3, 3, 3, 3, 3]];0.9;1;0.3;100;0.1;1000;True;100;0;False;0.0001;5
[[3, 3, 3, 3, 3, 3], [3, 3, 3, 3, 3, 3], [3, 3, 1, 3, 3, 3], [3, 3, 3, 3, 3, 3], [3, 3, 3, 3, 3, 3], [3, 3, 3, 3, 3, 3]];0.9;1;0.5;100;0.01;100;True;100;0;False;0.0001;5
[[3, 3, 3, 3, 3, 3], [3, 3, 3, 3, 3, 3], [3, 3, 1, 3, 3, 3], [3, 3, 3, 3, 3, 3], [3, 3, 3, 3, 3, 3], [3, 3, 3, 3, 3, 3]];0.9;1;0.5;100;0.01;500;True;100;0;False;0.0001;5
[[3, 3, 3, 3, 3, 3], [3, 3, 3, 3, 3, 3], [3, 3, 1, 3, 3, 3], [3, 3, 3, 3, 3, 3], [3, 3, 3, 3, 3, 3], [3, 3, 3, 3, 3, 3]];0.9;1;0.5;100;0.01;1000;True;100;0;False;0.0001;5
[[3, 3, 3, 3, 3, 3], [3, 3, 3, 3, 3, 3], [3, 3, 1, 3, 3, 3], [3, 3, 3, 3, 3, 3], [3, 3, 3, 3, 3, 3], [3, 3, 3, 3, 3, 3]];0.9;1;0.5;100;0.05;100;True;100;0;False;0.0001;5
[[3, 3, 3, 3, 3, 3], [3, 3, 3, 3, 3, 3], [3, 3, 1, 3, 3, 3], [3, 3, 3, 3, 3, 3], [3, 3, 3, 3, 3, 3], [3, 3, 3, 3, 3, 3]];0.9;1;0.5;100;0.05;500;True;100;0;False;0.0001;5
[[3, 3, 3, 3, 3, 3], [3, 3, 3, 3, 3, 3], [3, 3, 1, 3, 3, 3], [3, 3, 3, 3, 3, 3], [3, 3, 3, 3, 3, 3], [3, 3, 3, 3, 3, 3]];0.9;1;0.5;100;0.05;1000;True;100;0;False;0.0001;5
[[3, 3, 3, 3, 3, 3], [3, 3, 3, 3, 3, 3], [3, 3, 1, 3, 3, 3], [3, 3, 3, 3, 3, 3], [3, 3, 3, 3, 3, 3], [3, 3, 3, 3, 3, 3]];0.9;1;0.5;100;0.1;100;True;100;0;False;0.0001;5
[[3, 3, 3, 3, 3, 3], [3, 3, 3, 3, 3, 3], [3, 3, 1, 3, 3, 3], [3, 3, 3, 3, 3, 3], [3, 3, 3, 3, 3, 3], [3, 3, 3, 3, 3, 3]];0.9;1;0.5;100;0.1;500;True;100;0;False;0.0001;5
[[3, 3, 3, 3, 3, 3], [3, 3, 3, 3, 3, 3], [3, 3, 1, 3, 3, 3], [3, 3, 3, 3, 3, 3], [3, 3, 3, 3, 3, 3], [3, 3, 3, 3, 3, 3]];0.9;1;0.5;100;0.1;1000;True;100;0;False;0.0001;5
[[3, 3, 3, 3, 3, 3], [3, 3, 3, 3, 3, 3], [3, 3, 1, 3, 3, 3], [3, 3, 3, 3, 3, 3], [3, 3, 3, 3, 3, 3], [3, 3, 3, 3, 3, 3]];0.9;1;0.7;100;0.01;100;True;100;0;False;0.0001;5
[[3, 3, 3, 3, 3, 3], [3, 3, 3, 3, 3, 3], [3, 3, 1, 3, 3, 3], [3, 3, 3, 3, 3, 3], [3, 3, 3, 3, 3, 3], [3, 3, 3, 3, 3, 3]];0.9;1;0.7;100;0.01;500;True;100;0;False;0.0001;5
[[3, 3, 3, 3, 3, 3], [3, 3, 3, 3, 3, 3], [3, 3, 1, 3, 3, 3], [3, 3, 3, 3, 3, 3], [3, 3, 3, 3, 3, 3], [3, 3, 3, 3, 3, 3]];0.9;1;0.7;100;0.01;1000;True;100;0;False;0.0001;5
[[3, 3, 3, 3, 3, 3], [3, 3, 3, 3, 3, 3], [3, 3, 1, 3, 3, 3], [3, 3, 3, 3, 3, 3], [3, 3, 3, 3, 3, 3], [3, 3, 3, 3, 3, 3]];0.9;1;0.7;100;0.05;100;True;100;0;False;0.0001;5
[[3, 3, 3, 3, 3, 3], [3, 3, 3, 3, 3, 3], [3, 3, 1, 3, 3, 3], [3, 3, 3, 3, 3, 3], [3, 3, 3, 3, 3, 3], [3, 3, 3, 3, 3, 3]];0.9;1;0.7;100;0.05;500;True;100;0;False;0.0001;5
[[3, 3, 3, 3, 3, 3], [3, 3, 3, 3, 3, 3], [3, 3, 1, 3, 3, 3], [3, 3, 3, 3, 3, 3], [3, 3, 3, 3, 3, 3], [3, 3, 3, 3, 3, 3]];0.9;1;0.7;100;0.05;1000;True;100;0;False;0.0001;5
[[3, 3, 3, 3, 3, 3], [3, 3, 3, 3, 3, 3], [3, 3, 1, 3, 3, 3], [3, 3, 3, 3, 3, 3], [3, 3, 3, 3, 3, 3], [3, 3, 3, 3, 3, 3]];0.9;1;0.7;100;0.1;100;True;100;0;False;0.0001;5
[[3, 3, 3, 3, 3, 3], [3, 3, 3, 3, 3, 3], [3, 3, 1, 3, 3, 3], [3, 3, 3, 3, 3, 3], [3, 3, 3, 3, 3, 3], [3, 3, 3, 3, 3, 3]];0.9;1;0.7;100;0.1;500;True;100;0;False;0.0001;5
[[3, 3, 3, 3, 3, 3], [3, 3, 3, 3, 3, 3], [3, 3, 1, 3, 3, 3], [3, 3, 3, 3, 3, 3], [3, 3, 3, 3, 3, 3], [3, 3, 3, 3, 3, 3]];0.9;1;0.7;100;0.1;1000;True;100;0;False;0.0001;5
[[3, 3, 3, 3, 3, 3], [3, 3, 3, 3, 3, 3], [3, 3, 1, 3, 3, 3], [3, 3, 3, 3, 3, 3], [3, 3, 3, 3, 3, 3], [3, 3, 3, 3, 3, 3]];0.9;1;0.9;100;0.01;100;True;100;0;False;0.0001;5
[[3, 3, 3, 3, 3, 3], [3, 3, 3, 3, 3, 3], [3, 3, 1, 3, 3, 3], [3, 3, 3, 3, 3, 3], [3, 3, 3, 3, 3, 3], [3, 3, 3, 3, 3, 3]];0.9;1;0.9;100;0.01;500;True;100;0;False;0.0001;5
[[3, 3, 3, 3, 3, 3], [3, 3, 3, 3, 3, 3], [3, 3, 1, 3, 3, 3], [3, 3, 3, 3, 3, 3], [3, 3, 3, 3, 3, 3], [3, 3, 3, 3, 3, 3]];0.9;1;0.9;100;0.01;1000;True;100;0;False;0.0001;5
[[3, 3, 3, 3, 3, 3], [3, 3, 3, 3, 3, 3], [3, 3, 1, 3, 3, 3], [3, 3, 3, 3, 3, 3], [3, 3, 3, 3, 3, 3], [3, 3, 3, 3, 3, 3]];0.9;1;0.9;100;0.05;100;True;100;0;False;0.0001;5
[[3, 3, 3, 3, 3, 3], [3, 3, 3, 3, 3, 3], [3, 3, 1, 3, 3, 3], [3, 3, 3, 3, 3, 3], [3, 3, 3, 3, 3, 3], [3, 3, 3, 3, 3, 3]];0.9;1;0.9;100;0.05;500;True;100;0;False;0.0001;5
[[3, 3, 3, 3, 3, 3], [3, 3, 3, 3, 3, 3], [3, 3, 1, 3, 3, 3], [3, 3, 3, 3, 3, 3], [3, 3, 3, 3, 3, 3], [3, 3, 3, 3, 3, 3]];0.9;1;0.9;100;0.05;1000;True;100;0;False;0.0001;5
[[3, 3, 3, 3, 3, 3], [3, 3, 3, 3, 3, 3], [3, 3, 1, 3, 3, 3], [3, 3, 3, 3, 3, 3], [3, 3, 3, 3, 3, 3], [3, 3, 3, 3, 3, 3]];0.9;1;0.9;100;0.1;100;True;100;0;False;0.0001;5
[[3, 3, 3, 3, 3, 3], [3, 3, 3, 3, 3, 3], [3, 3, 1, 3, 3, 3], [3, 3, 3, 3, 3, 3], [3, 3, 3, 3, 3, 3], [3, 3, 3, 3, 3, 3]];0.9;1;0.9;100;0.1;500;True;100;0;False;0.0001;5
[[3, 3, 3, 3, 3, 3], [3, 3, 3, 3, 3, 3], [3, 3, 1, 3, 3, 3], [3, 3, 3, 3, 3, 3], [3, 3, 3, 3, 3, 3], [3, 3, 3, 3, 3, 3]];0.9;1;0.9;100;0.1;1000;True;100;0;False;0.0001;5
